0cb83209-6dcd-4f51-b6de-3f3df3c7be0a,D,C,E,A,B
7bcbf0c8-36b2-4a15-a7f2-c23eeac2e3dc,B,E,C,A,D
4377a142-10d4-4b9c-a9d5-643f5fb88c2d,B,A,C,D,E
0a1a92a3-3fb3-45d2-a2b5-0be1c9e9a4eb,E,C,D,B,A
0a37eafe-5d5a-4c68-9b8c-bde1096d123f,A,C,B,D,E
6a581b6a-2c7b-4d2b-977e-887955c1cf7b,B,E,A,C,D
3da3f3d2-2f47-4f0e-8fa8-541c354ee49d,C,A,D,B,E
1189127f-5d6b-4bc8-a111-690350a6aa11,B,A,E,D,C
4bb4b775-1532-4a8f-a928-944103a5af70,C,E,D,A,B
1f3f2593-3f48-40b7-82cc-893e43a52ec1,C,A,E,D,B
4af2b070-c3c3-466d-8c81-69972b00382b,E,C,A,D,B
9fc1d040-fa11-48a3-a66e-58e9180d2d3b,D,B,C,A,E
e5e6da30-2b8a-4e88-bb21-09b9abfbb8ce,D,C,E,A,B
03b8e7c4-4b4d-4aa9-bbd8-4ca92d2b3c3e,D,B,C,E,A
af89b27e-015b-4a10-9952-3d3f3db76e19,D,C,B,A,E
76b15d8e-041f-4d63-b35f-0e50f14a4d4e,C,E,B,A,D
293522d5-5da6-4852-bf8c-9555de354d98,E,B,D,A,C
14d251a7-61a3-4328-a7e3-2cbf3b9f9e25,B,E,A,D,C
6cf0c6f8-d6e5-44d5-9d9a-97f16d1cbfb7,A,D,E,C,B
1c78d082-45c4-4839-b331-99a4d1b888a2,A,B,C,D,E
0b94d678-8c1c-4c0a-913f-1ccf8a48b17e,B,A,E,C,D
9b8372b1-4310-4f33-bb48-89f0ce27434a,C,E,D,A,B
feaa55cf-4df2-4d4f-b13e-03c1e26d438c,E,D,B,A,C
315c3767-717f-4c87-85da-5d29a7f9a9b9,D,E,B,C,A
6f59b6c6-08c2-4d6f-b9a7-12b5d282e680,B,A,D,C,E
72b703d1-cf04-47c7-b19d-215d6c303f6d,A,B,E,C,D
be89fc81-b9fc-44c6-a944-38c70a48a8b6,C,A,D,E,B
9948b1dc-b81f-4b2f-87eb-8f33d3c13584,D,E,C,B,A
b945ea4b-2e8c-4bdc-bbea-96bfa38eeb93,E,D,C,B,A
fa3066fb-9306-4c13-8367-ffb201a6c027,B,A,E,C,D
40606c8f-d35e-4165-9c5d-02ca8e9d79d6,A,B,C,D,E
46d6f37c-3e5e-4ca9-a0dd-5f5ca5089865,C,D,E,B,A
6c45dc6a-c19e-44a6-baa2-bda814e510b8,D,E,B,A,C
249edf43-c9dc-4d38-a57f-4e1a4a40e090,A,C,B,D,E
2059c9d9-49a6-48c6-8562-82848c6b46d3,C,B,A,D,E
7de5fb17-cf6b-47a5-8216-ecf6e8c22c54,E,C,D,A,B
bfdf7a98-b0a2-4d2b-a8c6-86edccbd1d9f,B,D,C,A,E
33eaf0a4-0c20-44a2-824a-d9a0401fb73c,A,C,E,D,B
